{
  "test/testsuite.qunit-dbg.js": 1738591134487,
  "test/testsuite.qunit.js": 1738591134487,
  "test/integration/pages/WithoutSpareRequestsList.js": 1738591134519,
  "test/integration/opaTests.qunit.js": 1738591134507,
  "test/integration/FirstJourney.js": 1738591134527,
  "test/integration/pages/WithoutSpareRequestsObjectPage.js": 1738591134519,
  "xs-app.json": 1738602904417,
  "manifest.json": 1738597054345,
  "Component.js": 1738591134391,
  "Component-dbg.js": 1738591134391,
  "Component.js.map": 1738602931290,
  "test/integration/pages/WithoutSpareRequestsList-dbg.js": 1738591134519,
  "test/integration/pages/WithoutSpareRequestsList.js.map": 1738602931290,
  "test/integration/opaTests.qunit-dbg.js": 1738591134507,
  "test/integration/opaTests.qunit.js.map": 1738602931292,
  "test/integration/FirstJourney-dbg.js": 1738591134527,
  "test/integration/FirstJourney.js.map": 1738602931290,
  "test/integration/pages/WithoutSpareRequestsObjectPage-dbg.js": 1738591134519,
  "test/integration/pages/WithoutSpareRequestsObjectPage.js.map": 1738602931292,
  "i18n/i18n.properties": 1738591142139,
  "test/testsuite.qunit.js.map": 1738602931294,
  "Component-preload.js": 1738602931492,
  "Component-preload.js.map": 1738602931492,
  "test/integration/opaTests.qunit.html": 1738591134507,
  "test/testsuite.qunit.html": 1738591134479,
  "test/flpSandbox.html": 1738591134471,
  "index.html": 1738591134391
}