{
  "manifest.json": 1738597054345,
  "i18n/i18n.properties": 1738591142139,
  "test/integration/pages/WithoutSpareRequestsList.js": 1738591134519,
  "test/integration/opaTests.qunit.js": 1738591134507,
  "test/integration/FirstJourney.js": 1738591134527,
  "test/testsuite.qunit.js": 1738591134487,
  "xs-app.json": 1738597488512,
  "test/integration/pages/WithoutSpareRequestsObjectPage.js": 1738591134519,
  "Component.js": 1738591134391,
  "test/integration/pages/WithoutSpareRequestsList-dbg.js": 1738591134519,
  "test/integration/pages/WithoutSpareRequestsList.js.map": 1738597506204,
  "test/integration/opaTests.qunit-dbg.js": 1738591134507,
  "test/integration/opaTests.qunit.js.map": 1738597506202,
  "test/integration/FirstJourney-dbg.js": 1738591134527,
  "test/integration/FirstJourney.js.map": 1738597506212,
  "test/testsuite.qunit-dbg.js": 1738591134487,
  "test/testsuite.qunit.js.map": 1738597506192,
  "test/integration/pages/WithoutSpareRequestsObjectPage-dbg.js": 1738591134519,
  "test/integration/pages/WithoutSpareRequestsObjectPage.js.map": 1738597506197,
  "Component-dbg.js": 1738591134391,
  "Component.js.map": 1738597506199,
  "Component-preload.js": 1738597506295,
  "Component-preload.js.map": 1738597506295,
  "test/integration/opaTests.qunit.html": 1738591134507,
  "test/testsuite.qunit.html": 1738591134479,
  "test/flpSandbox.html": 1738591134471,
  "index.html": 1738591134391
}