{
  "test/testsuite.qunit.js.map": 1743773962350,
  "test/integration/pages/SpareTransfersList.js": 1743772661574,
  "test/integration/pages/SpareTransfersObjectPage.js": 1743772661578,
  "test/integration/opaTests.qunit.js": 1743772661550,
  "test/integration/FirstJourney.js": 1743772661574,
  "test/testsuite.qunit.js": 1743772661534,
  "xs-app.json": 1743773952874,
  "manifest.json": 1743772959706,
  "Component.js": 1743772661490,
  "test/integration/opaTests.qunit-dbg.js": 1743772661550,
  "test/integration/opaTests.qunit.js.map": 1743773962361,
  "test/integration/pages/SpareTransfersObjectPage-dbg.js": 1743772661578,
  "test/integration/pages/SpareTransfersObjectPage.js.map": 1743773962354,
  "test/integration/pages/SpareTransfersList-dbg.js": 1743772661574,
  "test/integration/pages/SpareTransfersList.js.map": 1743773962356,
  "test/integration/FirstJourney-dbg.js": 1743772661574,
  "test/integration/FirstJourney.js.map": 1743773962346,
  "test/testsuite.qunit-dbg.js": 1743772661534,
  "i18n/i18n.properties": 1743772665366,
  "Component-dbg.js": 1743772661490,
  "Component.js.map": 1743773962352,
  "Component-preload.js": 1743773962456,
  "Component-preload.js.map": 1743773962456,
  "test/integration/opaTests.qunit.html": 1743772661550,
  "test/testsuite.qunit.html": 1743772661526,
  "test/flpSandbox.html": 1743772661526,
  "index.html": 1743772661494
}