{
  "test/integration/opaTests.qunit.html": 1738602652033,
  "test/integration/pages/WithSpareTransfersObjectPage.js": 1738602652053,
  "test/integration/pages/WithSpareTransfersList.js": 1738602652053,
  "test/integration/opaTests.qunit.js": 1738602652033,
  "test/integration/FirstJourney.js": 1738602652069,
  "test/testsuite.qunit.js": 1738602652025,
  "xs-app.json": 1738602904417,
  "manifest.json": 1738602904469,
  "Component.js": 1738602651977,
  "Component-dbg.js": 1738602651977,
  "Component.js.map": 1738602925304,
  "test/integration/pages/WithSpareTransfersList-dbg.js": 1738602652053,
  "test/integration/pages/WithSpareTransfersList.js.map": 1738602925323,
  "test/integration/opaTests.qunit-dbg.js": 1738602652033,
  "test/integration/opaTests.qunit.js.map": 1738602925302,
  "test/integration/FirstJourney-dbg.js": 1738602652069,
  "test/integration/FirstJourney.js.map": 1738602925325,
  "test/testsuite.qunit-dbg.js": 1738602652025,
  "test/testsuite.qunit.js.map": 1738602925312,
  "test/integration/pages/WithSpareTransfersObjectPage-dbg.js": 1738602652053,
  "test/integration/pages/WithSpareTransfersObjectPage.js.map": 1738602925308,
  "Component-preload.js": 1738602925432,
  "Component-preload.js.map": 1738602925432,
  "i18n/i18n.properties": 1738602653913,
  "test/testsuite.qunit.html": 1738602652017,
  "test/flpSandbox.html": 1738602652017,
  "index.html": 1738602651977
}