{
  "test/integration/pages/SpareTransfersObjectPage.js.map": 1738605030020,
  "test/integration/pages/SpareTransfersObjectPage.js": 1738603182552,
  "test/integration/pages/SpareTransfersList.js": 1738603182552,
  "test/integration/opaTests.qunit.js": 1738603182552,
  "test/integration/FirstJourney.js": 1738603182552,
  "test/testsuite.qunit.js": 1738603182552,
  "xs-app.json": 1738603182552,
  "manifest.json": 1738603182552,
  "Component.js": 1738603182552,
  "test/integration/opaTests.qunit-dbg.js": 1738603182552,
  "test/integration/opaTests.qunit.js.map": 1738605030067,
  "test/integration/pages/SpareTransfersList-dbg.js": 1738603182552,
  "test/integration/pages/SpareTransfersList.js.map": 1738605030019,
  "test/integration/pages/SpareTransfersObjectPage-dbg.js": 1738603182552,
  "i18n/i18n.properties": 1738603182552,
  "test/integration/FirstJourney-dbg.js": 1738603182552,
  "test/integration/FirstJourney.js.map": 1738605030068,
  "test/testsuite.qunit-dbg.js": 1738603182552,
  "test/testsuite.qunit.js.map": 1738605030023,
  "Component-dbg.js": 1738603182552,
  "Component.js.map": 1738605030065,
  "Component-preload.js": 1738605030137,
  "Component-preload.js.map": 1738605030137,
  "test/integration/opaTests.qunit.html": 1738603182552,
  "test/testsuite.qunit.html": 1738603182552,
  "test/flpSandbox.html": 1738603182552,
  "index.html": 1738603182552
}