{
  "test/integration/pages/SpareTransfersObjectPage.js.map": 1743773966836,
  "ext/controller/CondensedLayout.controller.js": 1739289868249,
  "test/integration/pages/SpareTransfersList.js": 1738603182552,
  "test/integration/opaTests.qunit.js": 1738603182552,
  "test/integration/FirstJourney.js": 1738603182552,
  "test/integration/pages/SpareTransfersObjectPage.js": 1738603182552,
  "test/testsuite.qunit.js": 1738603182552,
  "xs-app.json": 1743773952874,
  "manifest.json": 1739289868237,
  "Component.js": 1738603182552,
  "test/integration/pages/SpareTransfersList-dbg.js": 1738603182552,
  "test/integration/pages/SpareTransfersList.js.map": 1743773966834,
  "ext/controller/CondensedLayout-dbg.controller.js": 1739289868249,
  "ext/controller/CondensedLayout.controller.js.map": 1743773966852,
  "test/integration/opaTests.qunit-dbg.js": 1738603182552,
  "test/integration/opaTests.qunit.js.map": 1743773966846,
  "test/integration/FirstJourney-dbg.js": 1738603182552,
  "test/integration/FirstJourney.js.map": 1743773966846,
  "test/integration/pages/SpareTransfersObjectPage-dbg.js": 1738603182552,
  "i18n/i18n.properties": 1738603182552,
  "test/testsuite.qunit-dbg.js": 1738603182552,
  "test/testsuite.qunit.js.map": 1743773966840,
  "Component-dbg.js": 1738603182552,
  "Component.js.map": 1743773966846,
  "Component-preload.js": 1743773966911,
  "Component-preload.js.map": 1743773966911,
  "test/integration/opaTests.qunit.html": 1738603182552,
  "test/testsuite.qunit.html": 1738603182552,
  "test/flpSandbox.html": 1738603182552,
  "index.html": 1738603182552
}