{
  "test/integration/pages/SpareTransfersList.js.map": 1738253243600,
  "test/integration/FirstJourney.js": 1738083463830,
  "test/integration/pages/SpareTransfersList.js": 1738083463826,
  "test/integration/opaTests.qunit.js": 1738083463826,
  "test/integration/pages/SpareTransfersObjectPage.js": 1738083463830,
  "test/testsuite.qunit.js": 1738083463822,
  "xs-app.json": 1738253235445,
  "manifest.json": 1738084686122,
  "Component.js": 1738083463806,
  "test/integration/pages/SpareTransfersList-dbg.js": 1738083463826,
  "i18n/i18n.properties": 1738083466810,
  "test/integration/FirstJourney-dbg.js": 1738083463830,
  "test/integration/FirstJourney.js.map": 1738253243608,
  "test/integration/opaTests.qunit-dbg.js": 1738083463826,
  "test/integration/opaTests.qunit.js.map": 1738253243600,
  "test/integration/pages/SpareTransfersObjectPage-dbg.js": 1738083463830,
  "test/integration/pages/SpareTransfersObjectPage.js.map": 1738253243602,
  "test/testsuite.qunit-dbg.js": 1738083463822,
  "test/testsuite.qunit.js.map": 1738253243604,
  "Component-dbg.js": 1738083463806,
  "Component.js.map": 1738253243603,
  "Component-preload.js": 1738253243690,
  "Component-preload.js.map": 1738253243690,
  "test/integration/opaTests.qunit.html": 1738083463826,
  "test/testsuite.qunit.html": 1738083463818,
  "test/flpSandbox.html": 1738083463818,
  "index.html": 1738083463806
}