{
  "index.html": 1738083463806,
  "test/testsuite.qunit.js": 1738083463822,
  "test/integration/pages/SpareTransfersList.js": 1738083463826,
  "test/integration/opaTests.qunit.js": 1738083463826,
  "test/integration/FirstJourney.js": 1738083463830,
  "test/integration/pages/SpareTransfersObjectPage.js": 1738083463830,
  "xs-app.json": 1738085367059,
  "manifest.json": 1738084686122,
  "Component.js": 1738083463806,
  "test/integration/pages/SpareTransfersObjectPage-dbg.js": 1738083463830,
  "test/integration/pages/SpareTransfersObjectPage.js.map": 1738085374337,
  "test/integration/pages/SpareTransfersList-dbg.js": 1738083463826,
  "test/integration/pages/SpareTransfersList.js.map": 1738085374338,
  "test/integration/opaTests.qunit-dbg.js": 1738083463826,
  "test/integration/opaTests.qunit.js.map": 1738085374287,
  "test/integration/FirstJourney-dbg.js": 1738083463830,
  "test/integration/FirstJourney.js.map": 1738085374340,
  "test/testsuite.qunit-dbg.js": 1738083463822,
  "test/testsuite.qunit.js.map": 1738085374333,
  "Component-dbg.js": 1738083463806,
  "Component.js.map": 1738085374335,
  "Component-preload.js": 1738085374405,
  "Component-preload.js.map": 1738085374406,
  "test/integration/opaTests.qunit.html": 1738083463826,
  "test/testsuite.qunit.html": 1738083463818,
  "test/flpSandbox.html": 1738083463818,
  "i18n/i18n.properties": 1738083466810
}