{
  "Component.js": 1738591082367,
  "test/testsuite.qunit.js": 1738591082423,
  "test/integration/pages/WithSpareTransfersList.js": 1738591082507,
  "test/integration/opaTests.qunit.js": 1738591082459,
  "test/integration/FirstJourney.js": 1738591082519,
  "test/integration/pages/WithSpareTransfersObjectPage.js": 1738591082507,
  "xs-app.json": 1738597488512,
  "manifest.json": 1738597054345,
  "i18n/i18n.properties": 1738591089675,
  "test/integration/FirstJourney-dbg.js": 1738591082519,
  "test/integration/FirstJourney.js.map": 1738597500968,
  "test/integration/pages/WithSpareTransfersList-dbg.js": 1738591082507,
  "test/integration/pages/WithSpareTransfersList.js.map": 1738597500979,
  "test/integration/opaTests.qunit-dbg.js": 1738591082459,
  "test/integration/opaTests.qunit.js.map": 1738597500976,
  "test/testsuite.qunit-dbg.js": 1738591082423,
  "test/testsuite.qunit.js.map": 1738597500995,
  "test/integration/pages/WithSpareTransfersObjectPage-dbg.js": 1738591082507,
  "test/integration/pages/WithSpareTransfersObjectPage.js.map": 1738597500971,
  "Component-dbg.js": 1738591082367,
  "Component.js.map": 1738597500972,
  "Component-preload.js": 1738597501079,
  "Component-preload.js.map": 1738597501079,
  "test/integration/opaTests.qunit.html": 1738591082455,
  "test/testsuite.qunit.html": 1738591082411,
  "test/flpSandbox.html": 1738591082411,
  "index.html": 1738591082367
}